1000000197,ufnja
1000000155,gslag
1000000065,rezop
1000000037,sitew
1000000009,igerk
1000000048,qouez  
1000000038,uoren
4809473439,yqjlw
3649490198,rumkj
9916666468,nwnks
6838336889,muyxe
3111278530,eaemn
4165110349,xpwgm
9354213039,nzenf
4805203673,ohhyx
3028231848,lsffc
7757039985,rxeut
4829036590,ljhff
1141735989,kxyqs
6538482161,fsoxi
2160189916,iirlw
1610810065,gsesn
3216819225,xlawt
1159895895,bxoie
5930597213,tclqz
6699617820,apqhm
9621911648,pibyi
7169577306,jgjyd
2184630002,hunnd
9043726141,ojeem
5947724503,gdbkl
8150851450,ttdkx
3203688512,jligd
6168063527,cmktl
6285447567,scekk
3442629736,mrala
9586187285,ifllx
5102783883,aguex
8761795433,fjhrm
8715231421,rimxg
7037758032,dcxsu
6723810874,zclsw
7516768606,jqtug
3952186229,ryqtn
7302966325,jwupd
1879178475,uxezq
3621318948,pjnfv
6472842041,eufmd
8452482470,ohybm
8659840101,jcqfy
5974346325,xzfuf
4294697324,sygmr
3276391780,ofudi
4127817020,oapiu
3806344206,wyeoy
7133003084,cjcij
3126410974,bhfio
3650025991,bvlfs
1126664017,pxwxr
2005393979,wxdst
4457920861,yngsm
8527772521,atiks
4239379990,byspa
2809225749,mqmyr
5173834018,uobcj
6566116484,tvjyb
8762242036,gkwim
8886212145,avvig
6104249274,xhfkz
5741440933,urufi
4279793843,obdis
5799922360,mrpna
7125477545,hrwnx
6865777965,qbyxa
8831156686,sagnm
7888802691,gydwi
4596869962,pxgyq
7757728104,ldprm
5642890162,vupos
7820199458,mnidv
2302229426,hlyqk
8103885899,wcjav
8053747825,qlvvx
4196823370,ojhdr
6330996798,gllkv
3274144622,oqaoa
7644453189,hpdha
6577773539,bmdgz
4598519294,eetll
5932759023,pnnsf
6997614912,vyomx
1188942006,vbwqy
5085493802,uteqp
3568372033,erbvr
9898154503,dpvsh
9817121993,gzvnk
9978920626,mofeb
4727561335,njequ
3919103601,fievn
8026844292,rzzki
1561350185,fhuqg
7051267007,kngky
9465058271,pbsve
9608909013,mxtod
6545658579,jddli
2793885640,jmxxl
4221640672,igbaw
5761133497,fpcrz
3873637955,obmhq
1304867416,drqbp
6808309751,kfpog
4829525482,pnngw
8316794486,rwiyh
9903011657,lxewd
5689822229,ckams
7071494071,zvjwj
1062242968,rtgla
7539415136,vpkeq
5806611225,zfage
7240106546,trbqb
7016645116,uqdkz
9154117182,mhfwn
3584294836,flfkd
8867006375,zyjnb
1521541474,pqnbj
9402614806,ihhka
3504700248,gnkfx
8662385277,wzwsd
9319254001,xbine
9669649260,oxnfb
5590019826,lkhuo
8228506204,gmsjw
2454959384,ffuid
6464043538,rkzvm
6817195029,ylaom
7446137028,juzkp
1924528041,oitfg
1090363842,klnwi
6550834897,vwixj
5779209771,kgfxo
2541599176,uohce
6600365939,laqpm
7291788178,yeslc
1435828496,lctxh
1978803042,runes
5179219271,cxdbl
1539763823,tmkcg
8670554499,ucbno
5447392960,qcqhh
7517903601,rcgjk
2235402106,kqlxo
4028208159,akwqh
5944266378,lzisu
4575911190,saveu
4808354422,oytwv
4307713661,surcc
8974340594,kaldp
9597951018,ovbgr
5576939750,qmloe
4276196515,hczxl
3476065580,bpryc
9331695872,ohmje
8662893759,baxpb
7091534833,eonjf
5290473437,rlzkp
3257917375,omkrf
9287565877,kiusu
4552245494,nomwg
2838748931,eplnr
8125050823,xoqdp
9256158353,hbtbm
4905251964,rpwfr
2578388647,bhncz
4591942098,qdoqt
5313904303,twkst
2603962594,tphcp
9126856146,ltwyt
9979647213,dpyhs
1906826390,hoywx
2349873256,fqrma
8100276721,fyfck
7822765251,ujypi
9721643368,mpzgk
3334704281,ssgrj
3324103891,yjyzn
7557961195,ljhkt
2156810441,pauym
6807644330,okqdw
6466058899,sykbr
8219217513,nceip
5497555444,wnimk
8002071428,kfirb
3717403321,xprvm
5332734627,yicpt
6018183210,idetc
4378544136,txktt
3996427626,ksiup
3822147245,dinbl
4981606608,ucmed
6640217654,xsbcf
6926224088,bwrro
5425201976,ryzjh
7734063374,livmj
7400626258,naxcm
9829608366,hdybm
5676244282,nboqe
1834600654,fnzlv
4831100078,bodar
8602226064,pwtkb
4254740744,klugl
5151675755,lvhmh
7894652275,mfrog
2733506980,nbrcj
5571291990,pglia
5176488875,kgcsu
3888887783,iouxb
8049324928,lciky
1681368349,iocvl
4952699703,cmcsy
6009684885,iskgf
9592316244,nfhqc
8964094958,cthkm
6448108514,wfpdn
1065669483,iupvv
4907473969,hphgi
7142099418,vwkif
4958357432,yczpr
2186776518,ecvaz
9437723675,mbhdi
6512053433,amvlz
2888610609,awvpy
4782699446,ndjdk
4513356796,nbglk
2444509788,rpjho
1045413625,irvpa
6172697599,ehgqw
3968051762,buuil
2879688397,ibfvp
6785021155,xytgq
2135753111,rjyah
5763766517,lxaew
1099901433,xlouf
6008672940,wecwe
3404807815,kimkm
2954050443,mfpmk
5757845360,fcdmk
7764608271,wqqby
8272186241,gwitw
3028263166,ooxxr
5081102416,cbtre
1517234530,scqof
9050462364,vioba
8015059485,ddagk
7609318831,zeucy
1985800714,vfijx
4918138370,dzken
2652195931,pxgwv
8377380554,ghhjx
6843897339,aifdb
6610736792,nnmrc
6795627971,nczzn
1412282377,xaurd
4868488609,zxskz
3745043844,bejxi
8356473402,uhoot
2532973434,zfbne
1925080602,jjyid
8358345837,reatm
2477712396,ofgcg
5768458637,jqmyi
6084597678,qymfm
6580758766,sofba
5623958065,arikn
2094063724,hegit
9807772232,einhe
3760128534,ierfv
5499037144,wfisn
1832059401,zujgg
4218209221,vbpbv
9593779062,erskl
4128997945,epqpa
8689979877,wksfd
3373285843,wealh
3530685129,zjwwm
7596748674,yaipr
7566054463,qfbyo
5492029780,lqgjv
6176463904,xhpfz
5126586922,koqxn
5378978053,szgkv
3530584740,lalpa
8771349315,fxlks
8471832335,imamk
1011668704,dfjvh
7277032423,pnnoe
5719688169,pbtaq
1311215414,imrkl
1484532718,ozbdk
4756378503,qyzai
8938876858,jitve
3305573586,villh
7304125348,nggeo
2676838996,qftwj
6755667195,fzfwe
1076905306,icqmi
9831104604,fsfrt
6506550183,pcpst
3940162648,fpudk
4885216290,gtara
3529588125,awzhf
8600791298,spbbb
1187261614,paeka
5442369151,mvbms
1931286251,aflfl
8448294143,qojlb
4323805462,imprd
5095939210,yntiy
9806367184,oxmzm
1016566440,bgydm
9233133778,oufee
7943070282,sjmci
9636162952,bipun
1734813484,pvlxy
4474606356,sdqyp
1158278969,zlhdm
9511503231,lzkhg
5288994644,vxiko
3866687879,aullt
3930969597,fhwtz
2797794093,fhroq
6618025740,zpxnu
1204700472,mtsfl
4524204602,uklks
2133016447,xrgxd
2828381112,agina
5417097177,hlypg
6064028085,kgrfk
5841995678,jpojk
4503218474,vgjix
1555122536,hdrvd
4975654066,kijud
9671257369,bljuv
6987191832,pohgl
3255025979,kwbmp
9223573997,qxzhs
9830615819,ldmpq
9264292662,hkzxh
3461060035,ifmpb
3842849596,ghvzz
6316485567,dqyny
4818054785,bbezb
4391849531,gycmb
4147556043,zktim
8698280260,cvpsp
8833883136,ovlii
1362602576,drbhk
5325418891,hdzlc
4866626500,iybmr
3932412636,saquk
2498299632,fbkjg
6061336434,lgdqo
5521194358,sbhtz
5351980984,tdjmj
2604162394,iaywo
9890287828,admmk
5164180449,bpckr
6532846588,qifrr
3231379195,qdnjy
8659694894,wpidd
3348277064,ukuuc
4755344782,qgeih
8095298670,aqfjw
5934639787,zgywj
1099214289,pguna
2799973703,wwwvn
3505172043,kmklw
1165123614,iflsy
9854929494,tyico
1083199024,agdqw
9684339033,mbobp
7158874510,omexw
6168071015,plnxa
7234935401,hvmmx
5788137710,mwcdw
3563279236,wbnig
8438822428,eykwb
6500040420,njfkv
8517212827,fxtgs
6842010750,rlbns
2776327323,qevph
9203806273,anbuj
4523875757,xobeb
1446020268,kqxqb
5406817871,zgkez
5788949410,aojln
4333712583,scfar
7087361980,aqfpf
5499780767,ajhwy
7380619287,jyxun
4076684211,yfrvl
7894006584,thono
2232446047,rnsnh
3249082811,uytag
3996849166,jdwle
2210348309,rpgog
8840793605,qccdc
3818821531,rsuar
1365956648,cgtri
3417285301,xdhou
3462557973,zljdg
6606933559,rmfzp
2164642079,zkakl
7327071191,amzxq
7628583478,gagla
1309933884,uwrps
8590010453,mvobn
2640596657,lpoof
4136139236,vxnsm
2722905174,xojhg
1356032074,icbbh
8476776126,njjko
7555321479,kqrps
1770962526,ojlua
1410585832,xrkgm
4166815071,yasxg
8334227480,kbdqn
9084355922,bssho
5271422487,woabc
5134154432,ifrvx
3204114331,hgzoh
3453164256,mzsmj
1225211235,ezizf
3590158850,ngugb
9124228578,ppakd
1996721750,inqiy
1671920143,aolko
8162292335,diaek
2575177992,phtxh
4165409740,wutoi
9033528988,mbfwd
7053989276,nzmxe
8957370677,hxlex
4716784650,jcxve
4059697728,mqkbr
1543643931,gdbtb
2336003645,wdklm
3583851158,evuuv
6066537064,hdegj
9104333148,uddig
5893635077,vvjyb
1641853534,qjnsv
6979692997,rariw
9691267991,mfhdp
7259247230,nizzc
5652617403,aqpki
9266298504,jwdcm
6087337406,rbrkd
4806268778,dgdja
3308585836,rttgn
9860818187,ojtkp
4035227225,fngus
2538660051,emohy
8309435674,irmlg
1535579925,vzmmv
2376912032,lndfk
2467026160,gluva
4186382098,nytnd
4773178797,tthew
3173386151,ntylc
4586637786,jzuor
8851284658,qpwbh
7466615531,gnnil
5162785027,dtphu
7538220103,gsugi
4970687784,hvanu
3943186115,cxgig
5416509227,llmar
5833766973,pfatb
7066784752,gvmyk
7681209278,demiw
9931610466,pudtp
2109095570,hvmro
4197356473,wmuls
5459077805,rxnib
5447387693,jmrpy
1448274172,oukhu
9367649179,mwdjs
2755597673,httjb
3892765751,xgwer
2718022409,napgi
9060923556,fwqgl
6112605072,olgdz
9731883435,scqyq
5754249803,mfpci
9794091307,iglgb
3305066728,yxfhn
9343466319,urvua
5031655760,lglha
1554563552,uvdpu
3308631811,vxzwb
3832820442,mghiy
9967845009,yajlf
8272616621,ujnro
2139609971,wfupm
5773160092,cbwrw
1165754174,feyuo
1466357825,yzbef
7505089516,pznwd
5178597969,chuia
7168231380,blxki
3483327155,lnwel
3396777472,vopjv
1845007989,wmajm
3323537935,itfsc
3003089687,pvxgd
9176774224,sffug
3758167870,vkwqf
1385654427,terjl
1443158365,wijoy
6679373091,xquts
6857914033,nypdz
4399161635,bxfjy
9083036199,atwog
5655546003,veqil
7424000142,djcfv
6649674901,bcgwq
5034766414,cbcvt
3426129983,asvoj
6220433638,pgmlf
8562543295,yzgxd
3448584670,ozjqc
8327272355,pbyaj
5444745308,oxrvk
5665342289,ozsug
9560770042,zrgog
1317629193,gvdlc
9250714366,hcpyi
4894021651,iekkm
5767852984,wxwcn
6877396334,ruimt
9545250411,kdjes
3161556737,qijtd
2485720955,zfkal
2042134568,vmjrt
3947737150,uejif
7599903306,kkbgt
3982707805,bjnvx
5702164729,tkndg
9902839788,jnfpy
1208428133,uqiuv
9170249829,hvzge
9521026518,ssaqi
1899517296,tuiuq
9813307516,ykxaf
9372728379,sbltm
1587158906,gkwyw
8308229174,ghsmo
4651057111,bgrjl
2610624477,amveb
1934167128,gqlyj
6588924640,wvsaz
7540137270,gfzti
4003942830,iiggw
8956419144,sdiiz
4665899629,nmusf
7147204995,ioonk
7012859666,dulib
8477975467,qayyh
7310814613,grcwz
6965439511,ulcww
4868291284,jsunl
7845440522,ffmfs
8193298269,rriyy
4767550453,fxejp
4014375414,tjmmb
4270807213,ovrhq
5426190286,udqhp
8947403017,zdqqm
1842095030,wzkab
6003079843,jpryd
6131214051,xsckb
4684463829,vjxzi
9646150202,jytvv
1701407241,bvosx
3545520415,boxze
4894381510,snyti
1994925943,uemur
3865773526,taxot
7170764121,abjfo
8515761508,xhxyw
2692002812,lqfxt
2558260942,padmn
3620168563,uvezk
5939199659,iwjpr
7003497092,djxzb
4947942949,lrhes
7378774955,yhuuc
9496084771,ijszq
5326042163,xcrgy
8382174092,uvoqp
5732411887,naggb
4644011789,kwwgy
7298354753,pveto
1445203840,zcuja
5595275002,oonsb
9494733384,irqri
5872843071,fpewa
7748208916,elygt
2536954611,qdins
2719018427,ilvsf
8334371697,aijct
8722037704,cgiyn
1141259959,xumec
1353188815,vinnw
8797772598,wiekt
5740410252,ttwxr
6091752987,xrqyr
8112222137,bkjoj
2163590263,tvszr
9914903182,oisjt
4272329475,dvvsx
5448705597,rebfj
8145733925,djccq
2657285464,sdlry
6199360967,pzmyq
9851327187,kwcnd
5511317399,gaizg
6765979040,iogns
6850284461,yfmhg
8992255953,urkzu
8645480440,smbzu
7423397625,slylt
7488632726,aqzem
4001547754,iqtse
9418631824,dtumx
6806468810,nrkwv
1408102248,dricb
7228880049,pulvu
1474758747,gxacu
1860703409,wrbiq
2114521769,lvemr
7498178427,lrxtf
1345827027,crsmc
2623956543,oybyi
6690554466,mcvti
2159291443,xoryi
6825133376,dfjls
4575468512,ghaki
7499540154,xrsqu
1412832051,ztbto
7315910777,dpmxi
4383346310,ordwm
9088953977,ttnml
8071853333,jzvuh
5253521787,kukhd
4827152595,pypzz
9291839360,ddjwa
8290359089,abgqs
9389346828,klxwj
9121351810,xqnhw
7855687422,itxwo
5798447980,ulrhr
9405158111,uphcc
6886960671,ahdrg
1317862276,lsirk
8924644694,hwtwo
3771432268,ohhrp
4248842155,sfosl
8536711030,hhbrz
2706497994,njzzs
9200819029,wgejx
9709623165,vbrll
2691449100,jqzmh
6412931466,prlrq
1630262599,uynde
1658100088,zzaij
8113478214,xjspf
4687296713,kkcps
6927266352,wshow
9404325130,mzrlr
8519475882,ulqbl
3808011588,ffucp
1834553295,tevvm
3154671991,jkapd
4092034415,ecqxd
4068616590,bncgi
1636965559,qppxz
6879222678,zaztb
6254049503,upbdx
5227498670,nvvjx
8890407913,vyvzo
8586162227,aujhc
9031615112,mahgd
6634475361,sobag
2481228630,eodoc
1752241477,iggdg
7809930529,tlcmf
4552545885,nmqsz
6616374899,kvejs
2005883452,wcyog
1444774158,hgdhn
5609772555,rcmxi
1124545004,ufqij
7777431224,kwjum
8156267928,ihqgd
4095713740,ycvbx
3435621241,dhggo
9406146092,tebyw
7915194066,zqhof
3984218020,vsxyx
3619713019,zvzht
7241417035,kriws
5187405530,qhwtg
2257129499,pdarh
8308823923,frpxq
1778232703,okixn
3510991505,xsuov
3800010907,dtcbl
1434218135,qvdcd
7384261281,jddmp
2911379442,slxbs
6233162555,zzqzw
7735208206,pmaic
4720742259,khxjo
5703720817,qqpvt
9094033004,yhsss
3633004681,jifum
3863223347,dqyom
3483047084,jbyoi
5894718829,wxgfi
7330680621,auhao
3619551540,fyiev
1831067556,wwcei
5156142794,hovts
1915232757,pgvdb
4532670672,lvyxt
7741004767,ynmuj
6183407135,gayow
9786099519,awrkv
7764641660,ymgcl
3695342658,cuuzb
1378024309,vmblc
2349309707,wvjih
9630401980,ccqrs
4665618359,daubh
3858110684,gvpea
7690356916,cwcyt
2770566433,zifih
1341422483,sbxbm
7748573584,aesdi
7991925490,exgwe
8043385845,zxagu
2312298396,gzdmi
5645866417,ptaut
6446173355,aatko
4191720405,ebddr
3099559446,oljpi
9614543346,nansx
8436550169,inetz
1793846260,kzvju
4478037068,yjoty
2074681729,zunhh
5913094480,fcimi
5464279886,smlip
1266034968,dymdy
8277939893,iecyk
7993431798,oczhk
2209519654,enyww
6187122790,rjsuq
6218509056,odkjq
5378998450,rjrar
6675730548,hjclo
8836082387,xjzza
7891867179,tbtmd
1911715523,sbjvo
3763954677,wajbh
2630689271,kiuzy
1442321577,ohhqf
4151933438,fcbhc
9917339508,wjdzp
5137435956,tyaem
4447828916,wefxl
3520879577,glkvh
6928126793,mislz
5578364797,stasy
5748111032,akauq
7397944720,scxzn
5078895080,zhycv
2066359424,uvxyr
7651871856,nzdzs
8861319251,dzelr
7258112536,yzxgi
8994321186,yuegz
3243896366,vaodt
9157026915,wmptv
8634125654,fcoqy
2678057272,izmpj
3425586023,yload
9610905553,rnxsy
6783019557,safwm
8300140303,cxdit
8103310394,kmlej
4578845917,cjsyb
2670713221,akdkd
2787218646,tbqvx
2422790484,tktkr
5773097547,pkxze
8427904467,lplwd
6638764126,wcsir
6676484886,itmue
5282874759,shztu
5163691305,rsggz
4164593481,lxshx
2602590402,fnamq
3972903037,afljw
8580666414,jtwle
9607693167,roaor
8468118402,ivzyu
2384381990,gvpsu
1886589176,ofkzx
7821967333,jfkfb
5767236079,eqyvn
5646313399,vuody
7349472639,ogbnl
2992586170,cnxtj
9839691840,jbefl
9230535065,uewvt
9717946409,stwzr
7146866423,fpmgn
8172653405,xaseb
4594431690,kbtml
8660885588,vzunw
6248930158,gquja
4504898955,jfyrx
7303957127,wjwts
9935938509,vdwvf
8179464572,nkpaw
5190334463,deubz
5274745210,pzyda
6766339853,hlktr
1830352905,btqxi
8764789060,yapkk
2409165198,ujfnd
1458359432,gvdlv
7795622143,ehjbz
6544205400,bbpes
3253447369,tljwr
2487078909,bvggb
6719545524,qkzvx
6990140830,mpzrp
8752720289,eggni
3814925368,cwunj
7144218898,juqmr
4485033223,ezfsq
4835279776,ivjwr
6373568980,jezfc
5476407880,xitfk
8581476526,ibgkv
8229717861,bjsqy
4506459177,jjtzd
5147504716,pcliu
7450601535,dtkqr
1628569160,bafko
6569061726,aqgzk
6312480004,bktwy
2742868129,zqasc
2736906263,wmgqc
1479762344,ajwid
9663282386,luyfz
5309179205,dbhdb
4620581217,ldqjh
3806238432,sleph
2268289876,vapgr
8317177551,udprw
8946955901,slvlr
6210834225,goqxj
1237551486,tvpzq
8216977395,sbour
2597624497,yqvcf
6925993329,zalxu
7529099238,sxgwt
5916119822,cszzr
2648326974,vwhps
3608806404,vveko
3267286598,zurrv
7622729288,fzkmm
5535462416,elskp
4033048132,hinri
9691268953,kzizw
5085114599,npqse
2108179233,ftwac
5976863333,dpuay
9689883231,iksrn
3172639591,qoxva
9833901955,skllw
5994533232,qdzrw
2904312844,bvyrm
1671512187,hmkyt
4997724115,nmhhw
8158114026,dhkhi
8851958444,xktru
8593166429,jqqhg
2304556961,igkxh
7813633785,ljaej
4868070121,hlyvm
3167275406,mzvtv
7938858726,pybix
2539065413,jhwxm
9068662738,ovuev
7173557578,jskjw
8648634251,jjeoa
1955687933,qbpqz
7024182646,ivikf
9937395015,ztitn
2501321659,ygqrk
1616648105,fqvrq
2411126684,qwtvj
1497989701,ycseb
8409832314,pkgry
3781945106,dfaen
8394434756,czeob
1561774626,uxokc
5731656496,slwhy
8810367868,vjdik
4748347879,xzivr
4618874237,ejfef
4134850570,kaqfd
7635027721,lmvst
6887098348,tenqd
8833039450,pojaz
8846935436,csnrg
6029440764,tpvmu
6104757634,cvhls
6961778570,zpkkx
2545011820,yayov
1902590540,nebrx
1216887411,mbltj
2654411871,ikvil
1668202068,bamcr
9382943893,puuzc
4816170530,ankic
8359180771,wnovn
7178406836,sujxl
8984951371,pmyby
4714077414,uvhpv
7571584806,tbcdn
7229863138,ccvdq
2489532168,mwted
8993415907,xmfzg
7086098893,wjklj
1287083483,knoan
3960106601,sjsje
1741511843,anbkx
3199112227,vgaqx
1961502217,uhujf
7741404256,mmmkm
6550380652,drxlm
2785280162,vjzgy
3614322051,gdmkb
1893439983,xxgej
6617279729,wzxeb
3794465899,fikfw
5960321054,opuoc
4703316641,bxsfq
3364758742,xssre
3280226338,vbpjw
1600158760,jjydk
7959422796,tjndw
8988171138,qglse
8120468253,klllb
9518721539,oosum
1923283412,yxguc
9510230325,fbryn
1005058876,fapic
9398956402,geaqv
9730115312,iqnkr
4685141778,ypguc
1750052278,emwah
3707313649,akvca
2265673087,lxxtu
9969889599,tvrcb
7869920674,fcniv
9159920420,krcwo
8701927000,dgnsv
1928865713,oyaza
2241315604,fskck
5666743807,hkmxs
8727536965,tpvwr
3098370515,nkzcu
9230409495,mxrqs
5330463437,xkcic
4017237756,khapc
1435477497,pgzlh
2119367634,naynm
3891723010,lonti
7679034613,yvxjx
3488960121,xqlqx
1023174317,kybwb
2898414836,coquo
9646645402,nfdkw